e3d5ee6a-6b7f-4e93-bc01-212102c58f44,Bluezoom,Daniellot,http://auda.org.au/nam/congue/risus/semper.aspx,https://dummyimage.com/300.png/09f/fff
ccef178b-fe62-42f2-b886-487a516507bb,Wikivu,Matula,http://chicagotribune.com/est/quam.json,https://dummyimage.com/300.png/09f/fff
0aac9ac7-16c8-458b-be07-1488dfd55f6b,Gigazoom,Lefeaver,http://wunderground.com/egestas/metus/aenean/fermentum/donec/ut/mauris.xml,https://dummyimage.com/300.png/09f/fff
3157be79-8c4d-40d5-bb22-22dc100e9864,Youtags,Rodolphe,https://wikia.com/magna/vestibulum/aliquet.png,https://dummyimage.com/300.png/09f/fff
1a1858ed-bcd5-4ff6-bbc2-a34b09821c83,Pixope,Whissell,http://cbc.ca/laoreet/ut/rhoncus/aliquet/pulvinar/sed.js,https://dummyimage.com/300.png/09f/fff
aea7273a-e7b0-428a-b785-b24cc3c6f1ce,Wikivu,Cumberledge,http://columbia.edu/ultrices/posuere/cubilia.html,https://dummyimage.com/300.png/09f/fff
508ea7f7-33ca-4578-af86-e11495513328,Tambee,Byrkmyr,http://forbes.com/ac/tellus/semper/interdum/mauris/ullamcorper.html,https://dummyimage.com/300.png/09f/fff
1405494e-f428-401d-bc47-f2f88cf2d9bb,Brightbean,Duckham,https://dedecms.com/nibh/quisque/id/justo/sit/amet/sapien.jsp,https://dummyimage.com/300.png/09f/fff
937ab41e-3b42-40e4-8fe0-58923700c2ba,Dabtype,Gallamore,https://usnews.com/metus/vitae.xml,https://dummyimage.com/300.png/09f/fff
c8837cd6-b403-48bc-becf-f53b79ad57f2,Buzzbean,Von Hindenburg,http://printfriendly.com/amet/sem.html,https://dummyimage.com/300.png/09f/fff
f62a11c1-eca6-4e5f-a12a-1c1c21d1d59c,Buzzster,Paulig,http://meetup.com/ridiculus/mus/vivamus/vestibulum/sagittis/sapien/cum.js,https://dummyimage.com/300.png/09f/fff
671f131a-7c4d-42e3-832d-5c88ffa059d2,Fivebridge,Whyborne,https://tripadvisor.com/semper.html,https://dummyimage.com/300.png/09f/fff
778f2659-53a8-4e75-b7cb-f8de45eb5f2f,Trilia,Currm,http://sitemeter.com/pulvinar.jpg,https://dummyimage.com/300.png/09f/fff
2feab66d-622b-4e2b-8d12-35d628fbb5b0,Jamia,Hartnell,https://tuttocitta.it/interdum/in/ante/vestibulum/ante/ipsum.aspx,https://dummyimage.com/300.png/09f/fff
7d92f229-72b3-48ab-ada7-e2fb58747624,Aivee,Peinke,https://lulu.com/ac.aspx,https://dummyimage.com/300.png/09f/fff
b741f513-a8d0-42bf-8151-c888d577a98d,Aivee,Devenny,https://mlb.com/dui/luctus/rutrum/nulla/tellus/in.jpg,https://dummyimage.com/300.png/09f/fff
858a781e-2056-4a86-9819-cd4a96d01a2b,Brightdog,Grigorescu,https://mozilla.com/nunc/nisl/duis/bibendum/felis.jsp,https://dummyimage.com/300.png/09f/fff
4f63c9b5-ab42-4844-ae29-63c1d5428b8a,Dazzlesphere,Sottell,https://rakuten.co.jp/elit/proin.jsp,https://dummyimage.com/300.png/09f/fff
7a149469-8177-45c9-83cc-b960cbd68ce1,Feedfire,Gier,http://soundcloud.com/non/interdum/in/ante.js,https://dummyimage.com/300.png/09f/fff
f59099be-0359-470e-bd2d-1ccaec9f9887,Jamia,Strutt,http://blogspot.com/lorem/vitae.png,https://dummyimage.com/300.png/09f/fff
49d44882-f178-4f56-9331-bec1bfad95cc,Devbug,Purcer,https://com.com/eget/semper/rutrum.xml,https://dummyimage.com/300.png/09f/fff
5d3cab32-c3b3-4f22-a773-3243f8609509,Devify,Cristofolo,http://github.io/a/ipsum/integer/a.html,https://dummyimage.com/300.png/09f/fff
f2ed9002-48ab-4480-af30-930f8e3b30b4,Feednation,McPhilip,https://pcworld.com/ultrices/posuere/cubilia/curae/mauris.xml,https://dummyimage.com/300.png/09f/fff
b2c1c817-0de3-439d-b063-87f827f202a6,Zoomlounge,Pfeiffer,http://xing.com/convallis/tortor.jsp,https://dummyimage.com/300.png/09f/fff
245c4362-572c-4f45-82ee-335beaaa6ae1,Jetwire,Proudler,https://wired.com/justo/pellentesque/viverra.jpg,https://dummyimage.com/300.png/09f/fff
527edaf7-5713-4a03-90b5-c677f3f9e25b,Jayo,Frantzen,https://networksolutions.com/maecenas/tristique/est/et/tempus/semper/est.aspx,https://dummyimage.com/300.png/09f/fff
6ef64d48-68c7-4d02-a966-09470d3d06f4,Youtags,Sandle,https://reference.com/imperdiet/et/commodo/vulputate/justo/in.aspx,https://dummyimage.com/300.png/09f/fff
d0ff071a-b91c-405b-8d98-eeda6132cca4,Youfeed,Bellam,https://instagram.com/elit.json,https://dummyimage.com/300.png/09f/fff
3ed51f65-90d8-4cf4-8930-c66524fe44de,Mydo,Hammatt,http://digg.com/molestie/hendrerit/at/vulputate/vitae/nisl/aenean.html,https://dummyimage.com/300.png/09f/fff
33a81e73-94cd-4343-b186-beb9a2423767,Aibox,Flaunders,https://sohu.com/maecenas/ut/massa/quis/augue/luctus/tincidunt.json,https://dummyimage.com/300.png/09f/fff
aea844e0-1057-4d5e-a073-99e95a652095,Rhynyx,Busst,https://xinhuanet.com/pede/ac/diam/cras/pellentesque/volutpat.html,https://dummyimage.com/300.png/09f/fff
8080b2e0-b6ee-42af-83de-de01f308631a,Mynte,O'Feeny,https://bizjournals.com/in/faucibus/orci.xml,https://dummyimage.com/300.png/09f/fff
6eabb3fb-107c-4a25-94e1-9981ad205dcc,Ainyx,Walster,http://flickr.com/in/eleifend/quam.jsp,https://dummyimage.com/300.png/09f/fff
13f48612-c9b9-4b76-9f53-091a95a4d1bd,Skivee,Bromige,https://sitemeter.com/turpis/adipiscing/lorem.aspx,https://dummyimage.com/300.png/09f/fff
bc4f2beb-3c76-496c-8146-9cc49bde9025,Feednation,Bladder,http://oracle.com/tellus/in/sagittis/dui/vel.html,https://dummyimage.com/300.png/09f/fff
11425eaf-8af6-4cf3-9871-7ecdc4c8499d,Flipstorm,Petlyura,https://weibo.com/rutrum/nulla/nunc/purus/phasellus/in.html,https://dummyimage.com/300.png/09f/fff
e4fe736f-ec72-48f0-91ea-14b046552879,Browsecat,Hassin,https://eventbrite.com/convallis/tortor/risus/dapibus.json,https://dummyimage.com/300.png/09f/fff
424f1d7e-893b-42e7-86e0-dd7ac6021be6,Janyx,Dopson,http://wikia.com/morbi/vestibulum/velit/id/pretium.jpg,https://dummyimage.com/300.png/09f/fff
1454dc9c-b6a8-4bad-ab9e-5879149ba9bf,Gabtype,Chillingworth,https://seesaa.net/odio.xml,https://dummyimage.com/300.png/09f/fff
f3ac528b-8bff-486f-9921-fa211193631d,Linkbridge,Burree,https://sfgate.com/blandit/lacinia/erat/vestibulum/sed.jsp,https://dummyimage.com/300.png/09f/fff
db3d19a3-5003-4b3f-ba92-836fbd4c491f,Browsecat,Arnout,https://usnews.com/nec/dui/luctus/rutrum/nulla.png,https://dummyimage.com/300.png/09f/fff
095668e6-954e-44c9-bbc5-a1e624c624b1,Kwilith,Geraghty,http://flavors.me/rutrum/at.png,https://dummyimage.com/300.png/09f/fff
39d0872f-324f-438a-802f-cd776e0563c1,Eire,Gallie,http://liveinternet.ru/enim/leo/rhoncus/sed/vestibulum.jpg,https://dummyimage.com/300.png/09f/fff
aa04dd9d-5e17-41f5-a6ab-7f58b52d9af9,Rhybox,Colisbe,https://gnu.org/tincidunt/eu/felis/fusce/posuere/felis.jsp,https://dummyimage.com/300.png/09f/fff
bee9de54-6786-4ba0-8e35-80877808f807,Trilia,Depke,https://addthis.com/congue/etiam.html,https://dummyimage.com/300.png/09f/fff
00ab82a6-5808-4c7b-86f7-1cd55e62ef9f,Thoughtworks,Skirling,https://netvibes.com/velit/donec.jsp,https://dummyimage.com/300.png/09f/fff
a885c6da-d0b6-42a1-a94b-566052309522,Roombo,Sandys,https://prweb.com/sed/vestibulum.html,https://dummyimage.com/300.png/09f/fff
c2a1d99b-f68c-4cef-83d9-993464cee7cb,Realcube,Kryszkiecicz,http://soundcloud.com/potenti/nullam/porttitor/lacus/at/turpis.html,https://dummyimage.com/300.png/09f/fff
3662f1bc-f16e-470d-a2c6-b0b075f3d2a9,Agimba,Bish,http://netvibes.com/parturient/montes/nascetur/ridiculus.jsp,https://dummyimage.com/300.png/09f/fff
0b86963f-866b-4dbd-bdc8-15654d2dfd13,Voomm,Wigfield,https://nhs.uk/odio.jpg,https://dummyimage.com/300.png/09f/fff
6d040791-44bc-48cd-9989-e8fd775fea02,Yadel,Overpool,http://unc.edu/quisque/erat/eros/viverra/eget/congue/eget.aspx,https://dummyimage.com/300.png/09f/fff
82c575b2-1008-4d6a-b122-2ed2e6205649,Youspan,Curling,http://t-online.de/donec.html,https://dummyimage.com/300.png/09f/fff
5c09bbbd-335b-4b79-a44a-ed339bbe039d,Dabshots,Kennington,https://bluehost.com/dui.xml,https://dummyimage.com/300.png/09f/fff
763a45c5-1678-454e-9dc8-522c1c532ea0,Quimba,Pott,https://intel.com/viverra/dapibus/nulla/suscipit.html,https://dummyimage.com/300.png/09f/fff
ba819c16-a405-4488-b867-a88515eb1bcc,Mymm,Benedito,http://fda.gov/enim/sit/amet/nunc.xml,https://dummyimage.com/300.png/09f/fff
9e9a2c37-6863-4c28-8e27-b9761561fabc,Twinte,Floris,http://unblog.fr/aliquam/erat/volutpat/in.js,https://dummyimage.com/300.png/09f/fff
40088f2d-1d67-47f3-bff7-db41d6a64bf7,Skipstorm,Brandham,https://blogs.com/aliquam/lacus/morbi/quis.jpg,https://dummyimage.com/300.png/09f/fff
ab530a7a-60aa-45dc-8584-b02bbed6ec41,Plajo,McCarlie,https://altervista.org/vitae/consectetuer/eget/rutrum.jpg,https://dummyimage.com/300.png/09f/fff
7637a320-d8bb-4973-85ed-9cc223d974fc,Browsebug,Fisher,https://infoseek.co.jp/phasellus/in/felis/donec/semper.js,https://dummyimage.com/300.png/09f/fff
acd00937-90f8-4a38-b3e8-4eef839771f2,Abatz,Feltoe,https://sfgate.com/turpis/integer/aliquet/massa.html,https://dummyimage.com/300.png/09f/fff
