8f0bda09-d03e-4a1c-88bd-968ac0b804b5,Zelma,Oehm,https://dummyimage.com/300.png/09f/fff,e3d5ee6a-6b7f-4e93-bc01-212102c58f44
2521de2d-1f37-4665-9e22-f3e82c6bc031,Pierette,O'Carran,https://dummyimage.com/300.png/09f/fff,ccef178b-fe62-42f2-b886-487a516507bb
fab2822b-f503-4ba2-9321-1435c7f51fcf,Sol,Bridger,https://dummyimage.com/300.png/09f/fff,0aac9ac7-16c8-458b-be07-1488dfd55f6b
d7669b85-ecd3-4d1d-83e5-15e724ff8f7e,Melisandra,Farish,https://dummyimage.com/300.png/09f/fff,3157be79-8c4d-40d5-bb22-22dc100e9864
ff24cbff-93c2-4712-919a-bdb3d2dc6532,Yankee,Capineer,https://dummyimage.com/300.png/09f/fff,1a1858ed-bcd5-4ff6-bbc2-a34b09821c83
cdc9367f-63cd-4a2c-9409-664d27274e94,Cybill,Postlewhite,https://dummyimage.com/300.png/09f/fff,aea7273a-e7b0-428a-b785-b24cc3c6f1ce
a203ad50-4aa6-43fd-984c-80224d556e17,Glory,Camblin,https://dummyimage.com/300.png/09f/fff,508ea7f7-33ca-4578-af86-e11495513328
63e231e0-801c-49cd-841a-95d3e4c0f923,Harper,Chipman,https://dummyimage.com/300.png/09f/fff,1405494e-f428-401d-bc47-f2f88cf2d9bb
c19532e1-1b7b-4dfd-b13c-fe31613bbd66,Addia,Didball,https://dummyimage.com/300.png/09f/fff,937ab41e-3b42-40e4-8fe0-58923700c2ba
4305a3f4-5fe5-4e96-8db6-dac4ca6c22be,Kirstin,Elwin,https://dummyimage.com/300.png/09f/fff,c8837cd6-b403-48bc-becf-f53b79ad57f2
104b4bb0-9648-4cb6-885c-90294365f98b,Lilli,Dinwoodie,https://dummyimage.com/300.png/09f/fff,f62a11c1-eca6-4e5f-a12a-1c1c21d1d59c
6c81df83-7a62-4941-aea5-53b9bdd02dcd,Verena,Redfield,https://dummyimage.com/300.png/09f/fff,671f131a-7c4d-42e3-832d-5c88ffa059d2
7a636213-4cf0-4dcd-8568-a6966f673818,Lorin,Fedorchenko,https://dummyimage.com/300.png/09f/fff,778f2659-53a8-4e75-b7cb-f8de45eb5f2f
b02bda07-3a8a-4501-b6d7-1da6e46421e2,Renee,Passfield,https://dummyimage.com/300.png/09f/fff,2feab66d-622b-4e2b-8d12-35d628fbb5b0
ce8fb855-9983-4611-8e84-be6c844bddcb,Nefen,Melmar,https://dummyimage.com/300.png/09f/fff,7d92f229-72b3-48ab-ada7-e2fb58747624
5636a6d0-0c66-40c9-be63-1d60e7419f54,Demeter,Manntschke,https://dummyimage.com/300.png/09f/fff,b741f513-a8d0-42bf-8151-c888d577a98d
11901218-e731-492e-b182-159a61c81045,Karlens,Millan,https://dummyimage.com/300.png/09f/fff,858a781e-2056-4a86-9819-cd4a96d01a2b
fb84d450-1aaa-4039-a641-7a8804811399,Jilli,Barns,https://dummyimage.com/300.png/09f/fff,4f63c9b5-ab42-4844-ae29-63c1d5428b8a
4de72a61-6393-4d38-bd22-9aba95b3742a,Stanley,Penwright,https://dummyimage.com/300.png/09f/fff,7a149469-8177-45c9-83cc-b960cbd68ce1
9a08a3c1-f88d-44c0-94dd-21ee64a7a1d8,Meris,Leyband,https://dummyimage.com/300.png/09f/fff,f59099be-0359-470e-bd2d-1ccaec9f9887
