4ceb63b1-a9d3-47af-a4a2-28443539ae3c,admin@test.com,$2y$10$p3Lpr.HrAJQpw9Ng0kJFTOrmirL4kUDxQvDdG0qn5QhsUZC8LDuRW,admin,NULL,31/03/2020 20:23,03/04/2020 7:07
e3d5ee6a-6b7f-4e93-bc01-212102c58f44,g.enerat_jacksonbabyak23@googlemail.com,$2y$10$cTNpbRgqtO6aga8f91bRi.SsipNoeRjQ8pfrJIkBLlHXxmwHsVBem,company,NULL,03/04/2020 7:10,03/04/2020 7:18
ccef178b-fe62-42f2-b886-487a516507bb,g.e.nerat_reubennelson38@googlemail.com,$2y$10$ZSezpN1Jrpgm..NK49azxOociSDcXyfmPfD109KgJ3C5cCZ7q8BkW,company,NULL,01/04/2020 21:51,03/04/2020 7:01
0aac9ac7-16c8-458b-be07-1488dfd55f6b,g.e.n.erat_isabellasmith77@googlemail.com,$2y$10$ZSezpN1Jrpgm..NK49azxOociSDcXyfmPfD109KgJ3C5cCZ7q8BkW,company,NULL,02/04/2020 10:59,02/04/2020 10:59
3157be79-8c4d-40d5-bb22-22dc100e9864,g.e.n.e.rat_dulcedavis15@googlemail.com,$2y$10$ZSezpN1Jrpgm..NK49azxOociSDcXyfmPfD109KgJ3C5cCZ7q8BkW,company,NULL,02/04/2020 11:10,02/04/2020 11:10
1a1858ed-bcd5-4ff6-bbc2-a34b09821c83,g.e.n.e.r.at_saigeurick62@googlemail.com,$2y$10$ZSezpN1Jrpgm..NK49azxOociSDcXyfmPfD109KgJ3C5cCZ7q8BkW,company,NULL,02/04/2020 11:07,02/04/2020 11:07
aea7273a-e7b0-428a-b785-b24cc3c6f1ce,g.e.n.e.r.a.t_scottroberts44@googlemail.com,$2y$10$ZSezpN1Jrpgm..NK49azxOociSDcXyfmPfD109KgJ3C5cCZ7q8BkW,company,NULL,03/04/2020 11:07,03/04/2020 11:07
508ea7f7-33ca-4578-af86-e11495513328,g.e.n.e.r.a.t._georgedahn41@googlemail.com,$2y$10$ZSezpN1Jrpgm..NK49azxOociSDcXyfmPfD109KgJ3C5cCZ7q8BkW,company,NULL,04/04/2020 11:07,04/04/2020 11:07
1405494e-f428-401d-bc47-f2f88cf2d9bb,g.e.n.e.r.at._gradyharris29@googlemail.com,$2y$10$ZSezpN1Jrpgm..NK49azxOociSDcXyfmPfD109KgJ3C5cCZ7q8BkW,company,NULL,05/04/2020 11:07,05/04/2020 11:07
937ab41e-3b42-40e4-8fe0-58923700c2ba,g.e.n.e.ra.t_vantormey31@googlemail.com,$2y$10$ZSezpN1Jrpgm..NK49azxOociSDcXyfmPfD109KgJ3C5cCZ7q8BkW,company,NULL,06/04/2020 11:07,06/04/2020 11:07
c8837cd6-b403-48bc-becf-f53b79ad57f2,g.e.n.e.ra.t._hannahgreen08@googlemail.com,$2y$10$ZSezpN1Jrpgm..NK49azxOociSDcXyfmPfD109KgJ3C5cCZ7q8BkW,company,NULL,07/04/2020 11:07,07/04/2020 11:07
f62a11c1-eca6-4e5f-a12a-1c1c21d1d59c,g.e.n.e.rat._rihannarobinson53@googlemail.com,$2y$10$ZSezpN1Jrpgm..NK49azxOociSDcXyfmPfD109KgJ3C5cCZ7q8BkW,company,NULL,08/04/2020 11:07,08/04/2020 11:07
671f131a-7c4d-42e3-832d-5c88ffa059d2,g.e.n.er.at_jimmymoore75@googlemail.com,$2y$10$ZSezpN1Jrpgm..NK49azxOociSDcXyfmPfD109KgJ3C5cCZ7q8BkW,company,NULL,09/04/2020 11:07,09/04/2020 11:07
778f2659-53a8-4e75-b7cb-f8de45eb5f2f,g.e.n.er.a.t_joswright90@googlemail.com,$2y$10$ZSezpN1Jrpgm..NK49azxOociSDcXyfmPfD109KgJ3C5cCZ7q8BkW,company,NULL,10/04/2020 11:07,10/04/2020 11:07
2feab66d-622b-4e2b-8d12-35d628fbb5b0,g.e.n.er.a.t._danielgagnon50@googlemail.com,$2y$10$ZSezpN1Jrpgm..NK49azxOociSDcXyfmPfD109KgJ3C5cCZ7q8BkW,company,NULL,11/04/2020 11:07,11/04/2020 11:07
7d92f229-72b3-48ab-ada7-e2fb58747624,g.e.n.er.at._alexisnegley66@googlemail.com,$2y$10$ZSezpN1Jrpgm..NK49azxOociSDcXyfmPfD109KgJ3C5cCZ7q8BkW,company,NULL,12/04/2020 11:07,12/04/2020 11:07
b741f513-a8d0-42bf-8151-c888d577a98d,g.e.n.era.t_brianfalk11@googlemail.com,$2y$10$ZSezpN1Jrpgm..NK49azxOociSDcXyfmPfD109KgJ3C5cCZ7q8BkW,company,NULL,13/04/2020 11:07,13/04/2020 11:07
858a781e-2056-4a86-9819-cd4a96d01a2b,g.e.n.era.t._douglasbacon84@googlemail.com,$2y$10$ZSezpN1Jrpgm..NK49azxOociSDcXyfmPfD109KgJ3C5cCZ7q8BkW,company,NULL,14/04/2020 11:07,14/04/2020 11:07
4f63c9b5-ab42-4844-ae29-63c1d5428b8a,g.e.n.erat._karissaanderson93@googlemail.com,$2y$10$ZSezpN1Jrpgm..NK49azxOociSDcXyfmPfD109KgJ3C5cCZ7q8BkW,company,NULL,15/04/2020 11:07,15/04/2020 11:07
7a149469-8177-45c9-83cc-b960cbd68ce1,g.e.ne.rat_dannywilliams99@googlemail.com,$2y$10$ZSezpN1Jrpgm..NK49azxOociSDcXyfmPfD109KgJ3C5cCZ7q8BkW,company,NULL,16/04/2020 11:07,16/04/2020 11:07
f59099be-0359-470e-bd2d-1ccaec9f9887,g.e.ne.r.at_alyssaroberts53@googlemail.com,$2y$10$ZSezpN1Jrpgm..NK49azxOociSDcXyfmPfD109KgJ3C5cCZ7q8BkW,company,NULL,17/04/2020 11:07,17/04/2020 11:07
49d44882-f178-4f56-9331-bec1bfad95cc,g.e.ne.r.a.t_rileyohrt43@googlemail.com,$2y$10$ZSezpN1Jrpgm..NK49azxOociSDcXyfmPfD109KgJ3C5cCZ7q8BkW,company,NULL,18/04/2020 11:07,18/04/2020 11:07
5d3cab32-c3b3-4f22-a773-3243f8609509,g.e.ne.r.a.t._gracerobinson77@googlemail.com,$2y$10$ZSezpN1Jrpgm..NK49azxOociSDcXyfmPfD109KgJ3C5cCZ7q8BkW,company,NULL,19/04/2020 11:07,19/04/2020 11:07
f2ed9002-48ab-4480-af30-930f8e3b30b4,g.e.ne.r.at._charlesnegley06@googlemail.com,$2y$10$ZSezpN1Jrpgm..NK49azxOociSDcXyfmPfD109KgJ3C5cCZ7q8BkW,company,NULL,20/04/2020 11:07,20/04/2020 11:07
b2c1c817-0de3-439d-b063-87f827f202a6,g.e.ne.ra.t_essencehanz94@googlemail.com,$2y$10$ZSezpN1Jrpgm..NK49azxOociSDcXyfmPfD109KgJ3C5cCZ7q8BkW,company,NULL,21/04/2020 11:07,21/04/2020 11:07
245c4362-572c-4f45-82ee-335beaaa6ae1,g.e.ne.ra.t._jacksonvasko15@googlemail.com,$2y$10$ZSezpN1Jrpgm..NK49azxOociSDcXyfmPfD109KgJ3C5cCZ7q8BkW,company,NULL,22/04/2020 11:07,22/04/2020 11:07
527edaf7-5713-4a03-90b5-c677f3f9e25b,g.e.ne.rat._ethendahn07@googlemail.com,$2y$10$ZSezpN1Jrpgm..NK49azxOociSDcXyfmPfD109KgJ3C5cCZ7q8BkW,company,NULL,23/04/2020 11:07,23/04/2020 11:07
6ef64d48-68c7-4d02-a966-09470d3d06f4,g.e.ner.at_carterlewis12@googlemail.com,$2y$10$ZSezpN1Jrpgm..NK49azxOociSDcXyfmPfD109KgJ3C5cCZ7q8BkW,company,NULL,24/04/2020 11:07,24/04/2020 11:07
d0ff071a-b91c-405b-8d98-eeda6132cca4,g.e.ner.a.t_taylorcaffee38@googlemail.com,$2y$10$ZSezpN1Jrpgm..NK49azxOociSDcXyfmPfD109KgJ3C5cCZ7q8BkW,company,NULL,25/04/2020 11:07,25/04/2020 11:07
3ed51f65-90d8-4cf4-8930-c66524fe44de,g.e.ner.a.t._jacksontormey92@googlemail.com,$2y$10$ZSezpN1Jrpgm..NK49azxOociSDcXyfmPfD109KgJ3C5cCZ7q8BkW,company,NULL,26/04/2020 11:07,26/04/2020 11:07
33a81e73-94cd-4343-b186-beb9a2423767,g.e.ner.at._joytevlin90@googlemail.com,$2y$10$ZSezpN1Jrpgm..NK49azxOociSDcXyfmPfD109KgJ3C5cCZ7q8BkW,company,NULL,27/04/2020 11:07,27/04/2020 11:07
aea844e0-1057-4d5e-a073-99e95a652095,g.e.nera.t_deaconabby58@googlemail.com,$2y$10$ZSezpN1Jrpgm..NK49azxOociSDcXyfmPfD109KgJ3C5cCZ7q8BkW,company,NULL,28/04/2020 11:07,28/04/2020 11:07
8080b2e0-b6ee-42af-83de-de01f308631a,g.e.nera.t._wendyadams47@googlemail.com,$2y$10$ZSezpN1Jrpgm..NK49azxOociSDcXyfmPfD109KgJ3C5cCZ7q8BkW,company,NULL,29/04/2020 11:07,29/04/2020 11:07
6eabb3fb-107c-4a25-94e1-9981ad205dcc,g.e.nerat._troyperez06@googlemail.com,$2y$10$ZSezpN1Jrpgm..NK49azxOociSDcXyfmPfD109KgJ3C5cCZ7q8BkW,company,NULL,30/04/2020 11:07,30/04/2020 11:07
13f48612-c9b9-4b76-9f53-091a95a4d1bd,g.en.erat_paitynxander88@googlemail.com,$2y$10$ZSezpN1Jrpgm..NK49azxOociSDcXyfmPfD109KgJ3C5cCZ7q8BkW,company,NULL,01/05/2020 11:07,01/05/2020 11:07
bc4f2beb-3c76-496c-8146-9cc49bde9025,g.en.e.rat_rileydahn35@googlemail.com,$2y$10$ZSezpN1Jrpgm..NK49azxOociSDcXyfmPfD109KgJ3C5cCZ7q8BkW,company,NULL,02/05/2020 11:07,02/05/2020 11:07
11425eaf-8af6-4cf3-9871-7ecdc4c8499d,g.en.e.r.at_yamiletwilson86@googlemail.com,$2y$10$ZSezpN1Jrpgm..NK49azxOociSDcXyfmPfD109KgJ3C5cCZ7q8BkW,company,NULL,03/05/2020 11:07,03/05/2020 11:07
e4fe736f-ec72-48f0-91ea-14b046552879,g.en.e.r.a.t_ashleyking02@googlemail.com,$2y$10$ZSezpN1Jrpgm..NK49azxOociSDcXyfmPfD109KgJ3C5cCZ7q8BkW,company,NULL,04/05/2020 11:07,04/05/2020 11:07
424f1d7e-893b-42e7-86e0-dd7ac6021be6,g.en.e.r.a.t._carloswhite64@googlemail.com,$2y$10$ZSezpN1Jrpgm..NK49azxOociSDcXyfmPfD109KgJ3C5cCZ7q8BkW,company,NULL,05/05/2020 11:07,05/05/2020 11:07
1454dc9c-b6a8-4bad-ab9e-5879149ba9bf,g.en.e.r.at._georgekadel85@googlemail.com,$2y$10$ZSezpN1Jrpgm..NK49azxOociSDcXyfmPfD109KgJ3C5cCZ7q8BkW,company,NULL,06/05/2020 11:07,06/05/2020 11:07
f3ac528b-8bff-486f-9921-fa211193631d,g.en.e.ra.t_faithyoung47@googlemail.com,$2y$10$ZSezpN1Jrpgm..NK49azxOociSDcXyfmPfD109KgJ3C5cCZ7q8BkW,company,NULL,07/05/2020 11:07,07/05/2020 11:07
db3d19a3-5003-4b3f-ba92-836fbd4c491f,g.en.e.ra.t._stephenyob98@googlemail.com,$2y$10$ZSezpN1Jrpgm..NK49azxOociSDcXyfmPfD109KgJ3C5cCZ7q8BkW,company,NULL,08/05/2020 11:07,08/05/2020 11:07
095668e6-954e-44c9-bbc5-a1e624c624b1,g.en.e.rat._atticusrodriguez62@googlemail.com,$2y$10$ZSezpN1Jrpgm..NK49azxOociSDcXyfmPfD109KgJ3C5cCZ7q8BkW,company,NULL,09/05/2020 11:07,09/05/2020 11:07
39d0872f-324f-438a-802f-cd776e0563c1,g.en.er.at_andrewmartinez77@googlemail.com,$2y$10$ZSezpN1Jrpgm..NK49azxOociSDcXyfmPfD109KgJ3C5cCZ7q8BkW,company,NULL,10/05/2020 11:07,10/05/2020 11:07
aa04dd9d-5e17-41f5-a6ab-7f58b52d9af9,g.en.er.a.t_dennisadams81@googlemail.com,$2y$10$ZSezpN1Jrpgm..NK49azxOociSDcXyfmPfD109KgJ3C5cCZ7q8BkW,company,NULL,11/05/2020 11:07,11/05/2020 11:07
bee9de54-6786-4ba0-8e35-80877808f807,g.en.er.a.t._andrewvasko41@googlemail.com,$2y$10$ZSezpN1Jrpgm..NK49azxOociSDcXyfmPfD109KgJ3C5cCZ7q8BkW,company,NULL,12/05/2020 11:07,12/05/2020 11:07
00ab82a6-5808-4c7b-86f7-1cd55e62ef9f,g.en.er.at._noelrainey55@googlemail.com,$2y$10$ZSezpN1Jrpgm..NK49azxOociSDcXyfmPfD109KgJ3C5cCZ7q8BkW,company,NULL,13/05/2020 11:07,13/05/2020 11:07
a885c6da-d0b6-42a1-a94b-566052309522,g.en.era.t_andrewgagnon51@googlemail.com,$2y$10$ZSezpN1Jrpgm..NK49azxOociSDcXyfmPfD109KgJ3C5cCZ7q8BkW,company,NULL,14/05/2020 11:07,14/05/2020 11:07
c2a1d99b-f68c-4cef-83d9-993464cee7cb,g.en.era.t._karissascott72@googlemail.com,$2y$10$ZSezpN1Jrpgm..NK49azxOociSDcXyfmPfD109KgJ3C5cCZ7q8BkW,company,NULL,15/05/2020 11:07,15/05/2020 11:07
3662f1bc-f16e-470d-a2c6-b0b075f3d2a9,g.en.erat._deaconkadel98@googlemail.com,$2y$10$ZSezpN1Jrpgm..NK49azxOociSDcXyfmPfD109KgJ3C5cCZ7q8BkW,company,NULL,16/05/2020 11:07,16/05/2020 11:07
0b86963f-866b-4dbd-bdc8-15654d2dfd13,g.ene.rat_bobbyraisner48@googlemail.com,$2y$10$ZSezpN1Jrpgm..NK49azxOociSDcXyfmPfD109KgJ3C5cCZ7q8BkW,company,NULL,17/05/2020 11:07,17/05/2020 11:07
6d040791-44bc-48cd-9989-e8fd775fea02,g.ene.r.at_markwilliams91@googlemail.com,$2y$10$ZSezpN1Jrpgm..NK49azxOociSDcXyfmPfD109KgJ3C5cCZ7q8BkW,company,NULL,18/05/2020 11:07,18/05/2020 11:07
82c575b2-1008-4d6a-b122-2ed2e6205649,g.ene.r.a.t_dannyserban75@googlemail.com,$2y$10$ZSezpN1Jrpgm..NK49azxOociSDcXyfmPfD109KgJ3C5cCZ7q8BkW,company,NULL,19/05/2020 11:07,19/05/2020 11:07
5c09bbbd-335b-4b79-a44a-ed339bbe039d,g.ene.r.a.t._bobbyfalk07@googlemail.com,$2y$10$ZSezpN1Jrpgm..NK49azxOociSDcXyfmPfD109KgJ3C5cCZ7q8BkW,company,NULL,20/05/2020 11:07,20/05/2020 11:07
763a45c5-1678-454e-9dc8-522c1c532ea0,g.ene.r.at._josperez14@googlemail.com,$2y$10$ZSezpN1Jrpgm..NK49azxOociSDcXyfmPfD109KgJ3C5cCZ7q8BkW,company,NULL,21/05/2020 11:07,21/05/2020 11:07
ba819c16-a405-4488-b867-a88515eb1bcc,g.ene.ra.t_jessehanz16@googlemail.com,$2y$10$ZSezpN1Jrpgm..NK49azxOociSDcXyfmPfD109KgJ3C5cCZ7q8BkW,company,NULL,22/05/2020 11:07,22/05/2020 11:07
9e9a2c37-6863-4c28-8e27-b9761561fabc,g.ene.ra.t._markfalk03@googlemail.com,$2y$10$ZSezpN1Jrpgm..NK49azxOociSDcXyfmPfD109KgJ3C5cCZ7q8BkW,company,NULL,23/05/2020 11:07,23/05/2020 11:07
40088f2d-1d67-47f3-bff7-db41d6a64bf7,g.ene.rat._emmanuelturner18@googlemail.com,$2y$10$ZSezpN1Jrpgm..NK49azxOociSDcXyfmPfD109KgJ3C5cCZ7q8BkW,company,NULL,24/05/2020 11:07,24/05/2020 11:07
ab530a7a-60aa-45dc-8584-b02bbed6ec41,g.ener.at_elvismitchell26@googlemail.com,$2y$10$ZSezpN1Jrpgm..NK49azxOociSDcXyfmPfD109KgJ3C5cCZ7q8BkW,company,NULL,25/05/2020 11:07,25/05/2020 11:07
7637a320-d8bb-4973-85ed-9cc223d974fc,g.ener.a.t_johnohrt21@googlemail.com,$2y$10$ZSezpN1Jrpgm..NK49azxOociSDcXyfmPfD109KgJ3C5cCZ7q8BkW,company,NULL,26/05/2020 11:07,26/05/2020 11:07
acd00937-90f8-4a38-b3e8-4eef839771f2,g.ener.a.t._morganhall47@googlemail.com,$2y$10$ZSezpN1Jrpgm..NK49azxOociSDcXyfmPfD109KgJ3C5cCZ7q8BkW,company,NULL,27/05/2020 11:07,27/05/2020 11:07
8f0bda09-d03e-4a1c-88bd-968ac0b804b5,g.ener.at._avaviana02@googlemail.com,$2y$10$ZSezpN1Jrpgm..NK49azxOociSDcXyfmPfD109KgJ3C5cCZ7q8BkW,employee,NULL,28/05/2020 11:07,28/05/2020 11:07
2521de2d-1f37-4665-9e22-f3e82c6bc031,g.enera.t_emmamitchell02@googlemail.com,$2y$10$ZSezpN1Jrpgm..NK49azxOociSDcXyfmPfD109KgJ3C5cCZ7q8BkW,employee,NULL,29/05/2020 11:07,29/05/2020 11:07
fab2822b-f503-4ba2-9321-1435c7f51fcf,g.enera.t._joecampbell91@googlemail.com,$2y$10$ZSezpN1Jrpgm..NK49azxOociSDcXyfmPfD109KgJ3C5cCZ7q8BkW,employee,NULL,30/05/2020 11:07,30/05/2020 11:07
d7669b85-ecd3-4d1d-83e5-15e724ff8f7e,g.enerat._clayhill22@googlemail.com,$2y$10$ZSezpN1Jrpgm..NK49azxOociSDcXyfmPfD109KgJ3C5cCZ7q8BkW,employee,NULL,31/05/2020 11:07,31/05/2020 11:07
ff24cbff-93c2-4712-919a-bdb3d2dc6532,ge.nerat_reubencabello50@googlemail.com,$2y$10$ZSezpN1Jrpgm..NK49azxOociSDcXyfmPfD109KgJ3C5cCZ7q8BkW,employee,NULL,01/06/2020 11:07,01/06/2020 11:07
cdc9367f-63cd-4a2c-9409-664d27274e94,ge.n.erat_amberviana98@googlemail.com,$2y$10$ZSezpN1Jrpgm..NK49azxOociSDcXyfmPfD109KgJ3C5cCZ7q8BkW,employee,NULL,02/06/2020 11:07,02/06/2020 11:07
a203ad50-4aa6-43fd-984c-80224d556e17,ge.n.e.rat_abigailtormey08@googlemail.com,$2y$10$ZSezpN1Jrpgm..NK49azxOociSDcXyfmPfD109KgJ3C5cCZ7q8BkW,employee,NULL,03/06/2020 11:07,03/06/2020 11:07
63e231e0-801c-49cd-841a-95d3e4c0f923,ge.n.e.r.at_diamondserban25@googlemail.com,$2y$10$ZSezpN1Jrpgm..NK49azxOociSDcXyfmPfD109KgJ3C5cCZ7q8BkW,employee,NULL,04/06/2020 11:07,04/06/2020 11:07
c19532e1-1b7b-4dfd-b13c-fe31613bbd66,ge.n.e.r.a.t_randyjohnson76@googlemail.com,$2y$10$ZSezpN1Jrpgm..NK49azxOociSDcXyfmPfD109KgJ3C5cCZ7q8BkW,employee,NULL,05/06/2020 11:07,05/06/2020 11:07
4305a3f4-5fe5-4e96-8db6-dac4ca6c22be,ge.n.e.r.a.t._joyzurick50@googlemail.com,$2y$10$ZSezpN1Jrpgm..NK49azxOociSDcXyfmPfD109KgJ3C5cCZ7q8BkW,employee,NULL,06/06/2020 11:07,06/06/2020 11:07
104b4bb0-9648-4cb6-885c-90294365f98b,ge.n.e.r.at._chloegonzalez21@googlemail.com,$2y$10$ZSezpN1Jrpgm..NK49azxOociSDcXyfmPfD109KgJ3C5cCZ7q8BkW,employee,NULL,07/06/2020 11:07,07/06/2020 11:07
6c81df83-7a62-4941-aea5-53b9bdd02dcd,ge.n.e.ra.t_williamyob93@googlemail.com,$2y$10$ZSezpN1Jrpgm..NK49azxOociSDcXyfmPfD109KgJ3C5cCZ7q8BkW,employee,NULL,08/06/2020 11:07,08/06/2020 11:07
7a636213-4cf0-4dcd-8568-a6966f673818,ge.n.e.ra.t._orionmitchell18@googlemail.com,$2y$10$ZSezpN1Jrpgm..NK49azxOociSDcXyfmPfD109KgJ3C5cCZ7q8BkW,employee,NULL,09/06/2020 11:07,09/06/2020 11:07
b02bda07-3a8a-4501-b6d7-1da6e46421e2,ge.n.e.rat._joseealy21@googlemail.com,$2y$10$ZSezpN1Jrpgm..NK49azxOociSDcXyfmPfD109KgJ3C5cCZ7q8BkW,employee,NULL,10/06/2020 11:07,10/06/2020 11:07
ce8fb855-9983-4611-8e84-be6c844bddcb,ge.n.er.at_dennisfader72@googlemail.com,$2y$10$ZSezpN1Jrpgm..NK49azxOociSDcXyfmPfD109KgJ3C5cCZ7q8BkW,employee,NULL,11/06/2020 11:07,11/06/2020 11:07
5636a6d0-0c66-40c9-be63-1d60e7419f54,ge.n.er.a.t_jamesealy85@googlemail.com,$2y$10$ZSezpN1Jrpgm..NK49azxOociSDcXyfmPfD109KgJ3C5cCZ7q8BkW,employee,NULL,12/06/2020 11:07,12/06/2020 11:07
11901218-e731-492e-b182-159a61c81045,ge.n.er.a.t._gracesmith92@googlemail.com,$2y$10$ZSezpN1Jrpgm..NK49azxOociSDcXyfmPfD109KgJ3C5cCZ7q8BkW,employee,NULL,13/06/2020 11:07,13/06/2020 11:07
fb84d450-1aaa-4039-a641-7a8804811399,ge.n.er.at._finneganthomas33@googlemail.com,$2y$10$ZSezpN1Jrpgm..NK49azxOociSDcXyfmPfD109KgJ3C5cCZ7q8BkW,employee,NULL,14/06/2020 11:07,14/06/2020 11:07
4de72a61-6393-4d38-bd22-9aba95b3742a,ge.n.era.t_garyzurick97@googlemail.com,$2y$10$ZSezpN1Jrpgm..NK49azxOociSDcXyfmPfD109KgJ3C5cCZ7q8BkW,employee,NULL,15/06/2020 11:07,15/06/2020 11:07
9a08a3c1-f88d-44c0-94dd-21ee64a7a1d8,ge.n.era.t._graceyob51@googlemail.com,$2y$10$ZSezpN1Jrpgm..NK49azxOociSDcXyfmPfD109KgJ3C5cCZ7q8BkW,employee,NULL,16/06/2020 11:07,16/06/2020 11:07
